Organization,Open/Closed,Relevance,"LOI DEADLINE
MM/DD/YEAR",Application Deadline (MM/DD/YEAR),Deadline Comments,Type of Funding,FUNDING USD Min RANGE,FUNDING USD Max RANGE,AVERAGE FUNDING,Funding Comments,2026 Notes,Relationship Status (Select all that apply),Relevant Contacts and Contact Information ,Where is contact from?,Who updated last,Date Last Updated,Internal Tag (Importance),"Funding Geography (i.e. NYC, FRANCE, INTERNATIONAL, ALL)",All,C3 Lab,CCA,UEHL,General Support,Fellowship,Internships,YAC,Workshops,Salons,Stories,HII Potential Programs Match,What they Fund,Who they fund (examples of 3-4 past grantees and amounts),Information Website,APPLICATION WEBSITE,Where are they based?,HII Grant Application Draft Link,<2026 Notes (History),Funding Ranking (Importance),Deadline Ranking (Urgency),Current Status,Unnamed: 41,Unnamed: 42,Unnamed: 43,Unnamed: 44,Unnamed: 45,Unnamed: 46,Unnamed: 47,Unnamed: 48,Unnamed: 49,Unnamed: 50,Unnamed: 51,Unnamed: 52,Unnamed: 53,Unnamed: 54,Unnamed: 55,Unnamed: 56,Unnamed: 57,Unnamed: 58,Unnamed: 59,Unnamed: 60,Unnamed: 61,Unnamed: 62,Unnamed: 63,Unnamed: 64,Unnamed: 65,Unnamed: 66,Unnamed: 67,Unnamed: 68,Unnamed: 69,Unnamed: 70,Unnamed: 71,Unnamed: 72,Unnamed: 73,Unnamed: 74,Unnamed: 75,Unnamed: 76,Unnamed: 77,Unnamed: 78,Unnamed: 79,Unnamed: 80,Unnamed: 81,Unnamed: 82,Unnamed: 83,Unnamed: 84,Unnamed: 85,Unnamed: 86,Unnamed: 87,Unnamed: 88,Unnamed: 89,Unnamed: 90,Unnamed: 91,Unnamed: 92,Unnamed: 93,Unnamed: 94,Unnamed: 95,Unnamed: 96,Unnamed: 97,Unnamed: 98,Unnamed: 99,Unnamed: 100,Unnamed: 101,Unnamed: 102,Unnamed: 103,Unnamed: 104,Unnamed: 105,Unnamed: 106,Unnamed: 107,Unnamed: 108,Unnamed: 109,Unnamed: 110,Unnamed: 111,Unnamed: 112,Review Priority Score,Application Priority Score,Program Matches,Next Deadline,Next Deadline ISO,Missing Deadlines,Missing Sites,LOI Date ISO,App Date ISO
M&T Bank Foundation ,Open,Relevant,,,rolling,,"$10,000.00","$100,000.00","$55,000.00",,Application is currently open; no known deadline,Applied 2024,"Ade Escayg,
917-763-9442
 aescayg@mtb.com",From their website,Sammy,5/12/2026,2026 TO DO,"""Where M&T Bank Conducts Business""",False,False,False,True,False,True,False,False,True,False,False,"UEHL, Fellowship, Workshops","-Supports various causes with a focus on community development and financial empowerment, e.g.:
-Affordable housing
-Community development
-Environmental sustainability
-Financial empowerment initiatives
-Arts/Culture: The M&T Charitable Foundation supports arts and culture organizations to improve the quality of life for communities. For example, they awarded a $10,000 grant to Broadway Utica's Students on Broadway youth program.
-Civic Affairs: The M&T Charitable Foundation supports civic affairs organizations to strengthen communities.
-Healthcare: The M&T Charitable Foundation supports healthcare organizations to improve the quality of life for communities.
-Human Services: The M&T Charitable Foundation supports human services organizations to improve the quality of life for communities.
-Education: The M&T Charitable Foundation supports education organizations to improve the quality of life for communities. 
M&T Bank also supports local arts and culture through regional sponsorships. They are the founding bank of The Shed, and believe that creative arts should be accessible to all.","Family Centers, Inc
Stamford Youth Mental Health Alliance
Rhino Foods Foundation",https://www3.mtb.com/about-mt/charitable-contributions,https://mtb.versaic.com/login ,"Buffalo, NY",https://docs.google.com/document/d/1d-Tw-IF6KKDGHz0Y-qShlvtfvy7wn0Ra2cxG-NbFH-Y/edit?tab=t.0,"Submission requirements: Board member list with affiliations. Copy of IRS 501(c)(3) federal tax exe,ption letter of determination. Mission statement/ purpose of the organization. A list of other sources of funding. Annual budget and or project budget. How will you measure the impact of the program?

M&T accepts requests year-round. However, we ask that you submit your request a minimum of 8 weeks prior to the date you need a decision, to allow adequate time for the request to be reviewed.",Medium,,Relevant - Open,,,,,,,,,,,,,,,,,,,,,,,,,,,,,,,,,,,,,,,,,,,,,,,,,,,,,,,,,,,,,,,,,,,,,,,,,67,,3,,,True,False,,
Office of Cannabis Management,Open,Relevant,,5/21/2026,,,"$25,000.00","$100,000.00","$62,500.00",,Application will open early 2026,"Applied 2024, APPLIED BUT NOT RECEIVED","Matt Courcelle
matthew.courcelle@ogs.ny.gov
518-474-6921
Augustus Battaglia (Community Grants Manager): 
communitygrants@ocm.ny.gov 
",Listed as contact on the application outline,Sammy,5/12/2026,2026 TO DO,New York,False,False,False,True,False,False,False,False,False,False,False,UEHL,"Support organizations serving youth, defined as individuals ages 0-24 years old, in designated priority geographies and within communities that faced harms associated with prior drug policies, disproportionate enforcement, and incarceration.",,https://cannabis.ny.gov/,https://ogs.ny.gov/system/files/documents/2024/10/ocm-rfa-2816-combined-final-10.15.24.pdf,New York,https://docs.google.com/document/d/1cOGGrFAxaul07ok74DbzD9eRIw6TYRuhBYMQh2NTefs/edit?tab=t.0#heading=h.vm1nzgq4ndbh,"Applied in 2024, but did not receive. We had a follow up call with Augustus from OCM who gave a few details for their reasoning: 

Submitted grant application (Jolly Patel 12/13/24)
Will open for next round of applications early 2026",Medium,7.0,Relevant - Open,,,,,,,,,,,,,,,,,,,,,,,,,,,,,,,,,,,,,,,,,,,,,,,,,,,,,,,,,,,,,,,,,,,,,,,,,49,61.0,1,2026-05-21,2026-05-21,False,False,,2026-05-21
Andy Worhol Foundation for the Visual Arts ,Open,Relevant,,03/01/2026,There are two deadlines in the year: One in March and the other in 09/01/2026,,"$60,000.00","$100,000.00","$80,000.00",,Application currently open,"Applied 2024, POTENTIAL FUNDER, Applied 2023, Applied 2025, APPLIED BUT NOT RECEIVED","James Bewley  - Senior Program Officer 
james@warholfoundation.org

Jackie Farrell - Grants Administrator
jackie@warholfoundation.org
212.387.7555

Pamela Clapp (No longer there)
Program Director at Andy Warhol Foundation

 ",Tara Reached out via linkedin 8/14/2024,Sammy,1/27/2026,2026 TO DO,US,False,False,True,False,False,True,False,False,False,False,False,"CCA, Fellowship","Visual arts. Arts organizations. Cultural institutions.

The Foundation offers three types: 
Curatorial Research Fellowships, exhibition support, and multiyear program grants. 
They also serve the needs of artists through an invitational Regional Re-granting program and three ongoing Special Initiatives: Creative Capital, Common Field, and the Arts Writers Grant.","Progressive art studio collective / services to enhance potential (STEP) (80k) https://warholfoundation.org/grants/archive/progressive-art-studio-collective-services-to-enhance-potential-step/                                                                Walk a Mile in My Dreams: ($100K) https://warholfoundation.org/grants/archive/joyce-j-scott-walk-a-mile-in-my-dreams/ 

Open Source Gallery ($60K) https://warholfoundation.org/grants/archive/open-source-gallery/ 

1. The Studio Museum in Harlem - A nonprofit art museum in Harlem, New York City, focused on presenting and interpreting work by black artists. (https://www.studiomuseum.org/)
2. The Vera List Center for Art and Politics - A center at the New School that supports artistic practice and critical discourse about the relationship between art and politics. (https://www.newschool.edu/vera-list-center/)
3. Performa - A leading organization for the presentation of new visual art performances in New York City (https://performa2023.org/)
4. Grantmakers in the Visual Arts (GIVA) - A national association that provides professional development and networking opportunities for funders of the visual arts. (https://www.giarts.org/)",https://warholfoundation.org/grants/ ,"General Application 
Exhibition Support ",NYC,"
2024 Andy Warhol Foundation for the Visual Arts Funding Application_HII Program","Applied in 2025, awaiting response in September.

We applied, but did not receive grant in 2024. Notes from Grants Manager James Bewley regarding our 2024 Application: ""The most significant issue with that proposal was the lack of information about the program itself and the artists involved. We view everything through the quality of the artists’ experience with an organization – so are they pushing their practice forward, making new work, making work in new ways or in collaboration with new partners, etc. It can take many forms. But aside from the structural overview and mission of the org, we need much more detail about the artists you’re bringing in, why besides an interest in climate are they interested in working with you – and what will they be doing. Specifics are really important here – from the criteria of selection to what the artists are being supported to produce or present. The first couple of paragraphs of the proposal can set the stage, with that organizational info – but the bulk of the proposal should be focused on the artists, their projects, and any other programs or activities you have planned (that remain connected to the visual arts) from July 1 forward for two years (with as much detail as you have – for at least nine months out). If you can pull that together, it will make for a more competitive proposal."" 

deadline@warholfoundation.org 

Grants range from $60,000-$100,000. The amount requested should be 25% of a project’s total direct costs or less.",Medium,-74.0,Relevant - Open,,,,,,,,,,,,,,,,,,,,,,,,,,,,,,,,,,,,,,,,,,,,,,,,,,,,,,,,,,,,,,,,,,,,,,,,,58,32.0,2,2026-03-01,2026-03-01,False,False,,2026-03-01
Con Edison,Expected,Relevant,,6/30/26,,,"$25,000.00","$150,000.00","$87,500.00",,Concept Paper must be submitted before April 30th and submissions that qualify will be invited to submit an application,"POTENTIAL FUNDER, Applied 2025","Beau Morton (mortonb@coned.com) - Point of Contact for Social Justice Grant

David Gmach. Former NY/NJ Lead for Strategic Communications and Stakeholder Engagement

Ana Traverso-Krejcarek, Program Officer, Climate Change, Environmental Justice and Stewardship
p: 212-460-6632
m: 917-456-2704
TraversoKrejA@coned.com

Joeann Walker - Strategic Partnerships
Consolidated Edison Company of New York, Inc.
4 Irving Place, 16th Floor
New York, NY 10003 ",Tara knows from her work with the Ecology Center.  Reached out to invite for coffee on 8/27/2024,Sammy,5/12/2026,2026 TO DO,"NYC, Westchester",False,False,False,True,False,False,False,False,False,False,False,UEHL,"Environmental justice networks
increasing opportunities for participation in historically disadvantaged communities",,https://www.coned.com/en/community-affairs/strategic-partnerships/apply-for-a-grant,https://www.coned.com/en/community-affairs/strategic-partnerships/apply-for-a-grant,NYC/Westchester,"https://docs.google.com/document/d/1XaaZu80GHYAgjEF0c2aAU2pz07t8a_PJ4R934J6oWdM/edit?tab=t.0

https://docs.google.com/document/d/1WQEmdH8a4s4HF2YIcAXBCokQy8vLsp1tCd39g_dT2mw/edit?tab=t.0

","Jolly had a call with Beau from Con Ed, he advised we apply under ""Social Justice and Resilience"" Application for 2025 will open in mid-February. (Jolly 2/6/25)

https://coned.versaic.com/login . Projects should demonstrate work in affected communities that the specific projects will generate measurable social value.
Grant information for 2025 not yet available. Website states ""please check back early 2025"".

Grant cycle closed for 2025 as of 7/30/25",Medium,47.0,Relevant - Expected,,,,,,,,,,,,,,,,,,,,,,,,,,,,,,,,,,,,,,,,,,,,,,,,,,,,,,,,,,,,,,,,,,,,,,,,,42,47.0,1,2026-06-30,2026-06-30,False,False,,2026-06-30
Earth Rising Foundation,Expected,Relevant,,,,,$200.00,"$20,000.00","$10,100.00",,Last deadline was 6/30/2025,"CURRENT FUNDER, Applied 2025", ,,Sammy,5/12/2026,2026 TO DO,National,False,False,False,False,False,False,False,True,False,False,False,YAC,"Progam Areas:

1.) Indigenous voices
2.) Regenerative agriculture 
3.) Climate intersections
4.) Sustainable visions
5.) Youth activism"," Climate intersections projects:
The Undivide Project
https://earthrisingfoundation.org/impact/undivide-project-on-the-intersection-of-the-climate-crisis-and-the-digital-divide

Climate Mobilization project https://earthrisingfoundation.org/impact/from-climate-emergency-to-climate-survival 

Youth activism projects
Youth4Climate
https://earthrisingfoundation.org/impact/youth4climates-activism-pushes-for-climate-justice-in-california ",https://earthrisingfoundation.org/home-programs,https://earthrisingfoundation.org/apply,,https://docs.google.com/document/d/1fDZ1peE4ybTlXD4e41uS2Sdx04AQLwhUNSlOdedoIio/edit?tab=t.0,"Reapplied in 2025 for $20K Youth Activism (Jolly Patel 7/2/25)

We received $20K in funding from them in 2024. Going to reapply in 2025. (Jolly Patel 6/14/25)",Small,,Relevant - Expected,,,,,,,,,,,,,,,,,,,,,,,,,,,,,,,,,,,,,,,,,,,,,,,,,,,,,,,,,,,,,,,,,,,,,,,,,52,,1,,,True,False,,
Ford Foundation: Natural Resources and Climate Justice ,Expected,Relevant,,,,,"$60,000.00","$600,000.00","$330,000.00",Unrestricted 200K USD  Tie Off ,prospective applicants contacted through February 2026,CURRENT FUNDER,"Program Officer for HII 
Sandoval, Rebeca <r.sandoval@fordfoundation.org>",,Sammy,5/12/2026,2026 TO DO,INTERNATIONAL,False,True,False,True,False,False,False,False,True,False,False,"C3 Lab, UEHL, Workshops","Funding to fight inequality

NYC organisations focused on:
-Arts and culture
-education
-human services",,https://www.fordfoundation.org/work/our-grants/idea-submission/,"https://www.fordfoundation.org/about/about-ford/good-neighbor-committee/ 
(opens in July)",NYC,,"Current funder (2022-2025) so not applicable to reapply until 2025

received $100k in 2022 and 2024, have said they will refund in 2026 -",Large,,Relevant - Expected,,,,,,,,,,,,,,,,,,,,,,,,,,,,,,,,,,,,,,,,,,,,,,,,,,,,,,,,,,,,,,,,,,,,,,,,,60,,3,,,True,False,,
HCLTech Grant Americas,Open,Relevant,,,,Project-based,"$250,000.00","$500,000.00","$375,000.00",,Closed 1/24/2026,Applied 2025,"Santanu Basu
santanu.basu@hcltech.com 
Whatsapp: +91-9654392250 ",,Sammy,5/12/2026,2026 TO DO,North America,False,True,False,True,False,True,False,False,False,False,False,"C3 Lab, UEHL, Fellowship","NGOs addressing: Water, Biodiversity, Health, and Education

We are dedicated to addressing the pressing calls to action set forth by the 17 Sustainable Development Goals (SDGs). This commitment involves adopting strategies for climate action that encompass various aspects, including environmental adaptation, mitigation, and resilience, among others.",,https://americas-grant.hcltech.com/application-guidelines ,https://americas-grant.hcltech.com/user/register ,"India,
California",https://docs.google.com/document/d/1KSwkoYTIb_T6utcY2vZIZZ6UgxEymTK-1wvypix5Uvk/edit?tab=t.0,"Submitted application for A&A Fellowship (Jolly 12/18/24)

We are accepting proposals for two-year climate action-focused projects that contribute to one or more of the 17 Sustainable Development Goals (SDGs).

No actions needed until 2026 - Lea",Large,,Relevant - Open,,,,,,,,,,,,,,,,,,,,,,,,,,,,,,,,,,,,,,,,,,,,,,,,,,,,,,,,,,,,,,,,,,,,,,,,,67,,3,,,True,False,,
Mitsubishi Corporation Foundation for the Americas ,Rolling,Relevant,,,Ideal timing for proposals is during the first quarter of the calendar year. Seems to be on a rolling basis.,,"$30,000.00","$1,000,000.00","$515,000.00",,"""Ideal timing for proposals is during the first quarter of the calendar year.""","POTENTIAL FUNDER, Applied 2025", ,,Sammy,5/12/2026,2026 TO DO,USA,True,False,False,False,False,False,False,False,False,False,False,All,"MCFA awards grants in four areas:
1. Biodiversity Conservation
Environmental Education
Environmental Justice
Sustainable Development","Wild Salmon Center
Introduce Fair Trade USA
WIldlife Conservation Society
Root Capital",http://www.mitsubishicorp.com/us/en/csr/foundation.html#guidelines,https://krs.bz/toktprf/m?f=196 ,NYC,https://docs.google.com/document/d/1BLAZcgZvzeLJ61e7iOUiUkUstlZab5r-neCb9Scjzrw/edit?tab=t.0,"Grants reviewed each autumn, ideal timing for proposals is during the first quarter of the calendar year

No change in above information - no application timeline information. Focus areas are environemental justice and education",Large,,Relevant - Rolling,,,,,,,,,,,,,,,,,,,,,,,,,,,,,,,,,,,,,,,,,,,,,,,,,,,,,,,,,,,,,,,,,,,,,,,,,57,,1,,,True,False,,
NY Community Trust,Rolling,Relevant,,,Need to log into the portal for deadlines,,"$5,000.00","$200,000.00","$102,500.00",,"Rolling admissions
Typically do not fund environmental education programs","POTENTIAL FUNDER, Applied 2025","Sheila R. Dinkins
sdinkins@thenytrust.org
(212) 686-0010  ",Website contact for NYC,Sammy,5/12/2026,2026 TO DO,"NYC, Long Island, Westchester",False,False,True,True,False,True,False,True,True,True,True,"CCA, UEHL, Fellowship, YAC, Workshops, Salons, Stories","A wide range of areas that contribute to a healthy, equitable, and thriving New York City, including:
1. Arts & Culture
2. Children & Youth
3. Community Development
4. Education
5. Environment
""Encouraging climate resilience and adaptation to climate change, particularly in vulnerable low-income communities.""
6. Health
7. Human Services
8. Immigrant & Refugee Services
9. Social Justice","1. Queens County Farm Museum - to support the care of farm animals.
2.Black Public Media - to support Black documentary filmmakers producing films about social issues.
3. Sixth Street Community Center, Inc. - to continue a climate advocacy program for young people.
4. New York Restoration Project
5. Regional Plan Association",https://thenytrust.org/grant-funding/environment-nyc/,https://grantseeker.thenytrust.org/ ,NYC,,"Need for application: cover letter, narrative proposal, itemized project budgent, current year's opperating budget, list of board of directors

No change in the above information^^^ -Lea",Medium,,Relevant - Rolling,,,,,,,,,,,,,,,,,,,,,,,,,,,,,,,,,,,,,,,,,,,,,,,,,,,,,,,,,,,,,,,,,,,,,,,,,81,,7,,,True,False,,
NYC Department of Cultural Affairs (DCA),Expected,Relevant,,4/2/2026,,,"$50,000.00","$250,000.00","$150,000.00",,"Application deadline unkown, check back on website","Applied 2024, CURRENT FUNDER, Applied 2025","William Penrose (he/him) 
Program Officer
wpenrose@culture.nyc.gov  ",,Sammy,5/12/2026,2026 TO DO,NYC,False,False,True,False,False,False,False,False,False,False,False,CCA,"A wide range of arts and cultural disciplines that are  integral to NYC's cultural life, including:
1. Dance
2. Film
3. Folk Arts
4. Literature
5. Music
6. Theater
7. Visual Arts
8. Arts Education","1. The Metropolitan Museum of Art
2. The Public Theater 
3. Lower East Side Tenement Museum ",https://www.nyc.gov/site/dcla/cultural-funding/programs-funding.page,DCLA Online Grant Application,NYC,https://docs.google.com/document/d/19zvSRtsa8iF_Vyg_3xvP7gaW4tvbT2t6/edit,We submitted the renewal in 2025 for the FY 2026 funding period (requested $35K expecting $30k). (Jolly Patel 6/25/25),Medium,-42.0,Relevant - Expected,,,,,,,,,,,,,,,,,,,,,,,,,,,,,,,,,,,,,,,,,,,,,,,,,,,,,,,,,,,,,,,,,,,,,,,,,42,19.0,1,2026-04-02,2026-04-02,False,False,,2026-04-02
NYS Department of Environmental Conservation Environmental Justice - Community Impact Grants,Open,Relevant,,7/1/2026,,,"$70,000.00","$200,000.00","$135,000.00",,Application submitted 1/27/2026,"Applied 2025, CURRENT FUNDER","HII Program Officer
Marilyn Moore
Marilyn.Moore@dec.ny.gov  ",,Sammy,5/12/2026,2026 TO DO,NYS,False,True,False,True,False,False,False,False,False,False,False,"C3 Lab, UEHL","Environmental projects that align with NYSDEC's mission, such as:
1. Water quality improvement
2. Air quality protection
3. Open space conservation
4. Municipal wastewater treatment
5. Brownfield redevelopment

Projects that address a community exposure to multiple environment harms and risks and include a new research component that will be used to expand the knowledge of the affected community.","NYSDEC awards grants to a variety of entities, including:
1. Municipalities
2. Non-profit organizations
3. Educational institutions
4. Indigenous Nations
5. In some cases, private businesses

""BluePrint Geneva, Inc. $463, 400
Groundwork Hudson Valley $275, 365
Starflower Experiences, Inc. $192, 0000""",https://dec.ny.gov/get-involved/grant-applications,Environmental Justice Grant Programs - NYS Dept. of Environmental Conservation,"Albany, NY",,,Medium,48.0,Relevant - Open,,,,,,,,,,,,,,,,,,,,,,,,,,,,,,,,,,,,,,,,,,,,,,,,,,,,,,,,,,,,,,,,,,,,,,,,,53,60.0,2,2026-07-01,2026-07-01,False,False,,2026-07-01
NYS Department of Environmental Conservation Environmental Justice - Green Jobs for Youth,Expected,Relevant,,1/28/2026,,,"$10,000.00","$250,000.00","$130,000.00",,previous notes say no DEC grants currently fit HII (as of Jan/June 2025); deprioritize unless eligibility changes.,Applied 2025,"Program Officer Green Jobs
Alexis Jones (she/her)
Environmental Program Specialist
New York State Department of Environmental Conservation
Office of Environmental Justice | Grants
625 Broadway, Albany, NY 12233-4500
518-402-8556  | alexis.jones@dec.ny.gov ",,Sammy,5/12/2026,2026 TO DO,NYS,False,True,False,True,True,True,False,False,True,True,True,"C3 Lab, UEHL, General Support, Fellowship, Workshops, Salons, Stories",,,https://dec.ny.gov/environmental-protection/environmental-justice/grant-programs,https://esupplier.sfs.ny.gov/psc/fscm/SUPPLIER/ERP/c/NUI_FRAMEWORK.PT_LANDINGPAGE.GBL?&.&,"Albany, NY",,"Have NYSDEC logo; Have both Community Impact (looks fitting for us) and Vital Brooklyn (doesn't appear we fall in an eligible district):Carolin
As of now (Jan 2025), not seeing any grants that would fit our organization

No grants that would be fitting for HII as of now (June 2025)",Medium,-106.0,Relevant - Expected,,,,,,,,,,,,,,,,,,,,,,,,,,,,,,,,,,,,,,,,,,,,,,,,,,,,,,,,,,,,,,,,,,,,,,,,,71,55.0,7,2026-01-28,2026-01-28,False,False,,2026-01-28
NYSERDA (Dept of Labor) - Climate Justice Fellow,Open,Relevant,,6/30/2026,,,,"$40,000.00","$40,000.00",,"Rolling admissions on first come first served
Up to $40k per fellow
Fellow must be NYS resident and from a disadvantaged community
Need physical business space in new york to work
","CURRENT FUNDER, Applied 2025", ,,Sammy,5/12/2026,2026 TO DO,NYS,False,True,False,True,False,True,False,False,False,False,False,"C3 Lab, UEHL, Fellowship","The New York State Energy Research and Development Authority (NYSERDA) is seeking applications to fund and provide professional development training/mentoring for year-long, full-time fellowships, for individuals from Priority Populations and/or Disadvantaged Communities, to work within organizations and businesses that advance climate justice and clean energy priorities for disadvantaged communities. It is anticipated that fellows will work with community-based organizations, universities, municipalities, CTE organizations, tribal nations, public libraries, climate tech innovators/start-ups and clean energy businesses.",,https://www.nyserda.ny.gov/All-Programs/Climate-Justice-Fellowship ,https://portal.nyserda.ny.gov/CORE_Solicitation_Detail_Page?SolicitationId=a0rt000001Mh9IN&_gl=1*1gejtjc*_gcl_au*ODAyMzgwODYyLjE3MzgwMTkwMDY.*_ga*MjAwNTY0NzUwNi4xNzM4MDE4Njk0*_ga_DRYJB34TXH*MTczODAxOTAwNi4xLjEuMTczODAxOTE1MS42MC4wLjA. ,NYC,,"Capped at $40,000; $37,000 toward an anual salary for the felow, $3,000 stipend for professional development/wrap around services for the Fellow. 

Eligible host employers must:

Be a community-based organization, university, municipality, clean energy business, or similar entity focused on climate justice in disadvantaged communities.
Offer a year-long, full-time (35-40 hrs/week) fellowship with professional development, training, and mentoring.
Have a physical business address in NYS and the legal authority to hire in NYS.
Employ at least two people (excluding owners or partners).
Provide comprehensive health benefits (medical, dental, vision) for the fellow.
Note: Some rules don't apply to certain certified or participating start-ups.",Small,47.0,Relevant - Open,,,,,,,,,,,,,,,,,,,,,,,,,,,,,,,,,,,,,,,,,,,,,,,,,,,,,,,,,,,,,,,,,,,,,,,,,57,66.0,3,2026-06-30,2026-06-30,False,False,,2026-06-30
Prince Albert of Monaco II Foundation (HII Europe),Expected,Relevant,,3/31/2026,,,"$100,000.00","$500,000.00","$300,000.00",,Applied in 2025; strong climate fit and should be actively followed up.,"POTENTIAL FUNDER, Applied 2025","Lea Lippisch
Head of Digital Communications and Events

Magnus Frohmann 
ReOcean Fund - Blue VC Analyst llippisch@fpa2.org

mfrohmann@fpa2.org ",Rocket Reach,Andrew,8/12/2025,2026 TO DO,"International (Specifically targeting The Mediterranean Basin, Polar Regions, and the Least Developed Countries as classified by the United Nations)",True,False,False,False,False,False,False,False,False,False,False,All,"Targeted areas:
1.) Fight against climate change and encourage renewable energies
2.) Safeguard biodiversity
3.) Manage water resources and combat desertification",https://www.fpa2.org/en/projects,https://www.fpa2.org/en/submit-a-project,https://www.fpa2.org/en/submit-a-project,,https://docs.google.com/document/d/1gLE_189jcW6UCqUQdkCY8TGI48G-ZWrQTPXnqMuQz1Q/edit?tab=t.0,"Applied in 2025, awaiting response (Andrew 8/2025)",Large,-44.0,Relevant - Expected,,,,,,,,,,,,,,,,,,,,,,,,,,,,,,,,,,,,,,,,,,,,,,,,,,,,,,,,,,,,,,,,,,,,,,,,,52,19.0,1,2026-03-31,2026-03-31,False,False,,2026-03-31
UMI Fund,Expected,Relevant,,,,,$600.00,"$7,800.00","$4,200.00",,Current funder; notes say applications do not reopen until April 2026—keep warm and plan ahead.,"Applied 2025, CURRENT FUNDER","Kudzayi - 
 Kudzayi.ngwerume@umifund.org ","Tara met Judzayi with her in November of 2024

Jill from Dear Tomorrow
",Sammy,1/27/2026,2026 TO DO,International,False,False,False,True,True,False,False,True,False,False,False,"UEHL, General Support, YAC","Microgrants are focused on Youth Groups

We are keen to collaborate with projects, organisations, communities and movements that put just transition at the heart of the climate debate and who can diversify the climate movement through bottom-up collaborations that break down walls and link people pushing for change. We prioritise projects that link communities and people-centred solutions (e.g. regenerative economy, agro-ecology, community energy, recognising the informal sector) with the wider climate movement. We will support affected people and communities to secure climate justice and in doing so strengthen the whole climate movement, cut carbon emissions and help forge new pathways that avoid future emissions.",,https://umifund.org/calls-for-application-cmc-youth-mobility-and-transport/ ,"error link from application website

microgranting@umifund.org",NYC,Grant Proposal,"Currently only giving grants to help with sustainable transport.

Tara sent UMI Grant Proposal for $60K in Jan 2025 (Jolly)

Tara Sent LOI in Nov 2024 (Jolly)


Applications do not reopen until April 2026 - Lea

",Small,,Relevant - Expected,,,,,,,,,,,,,,,,,,,,,,,,,,,,,,,,,,,,,,,,,,,,,,,,,,,,,,,,,,,,,,,,,,,,,,,,,65,,3,,,True,False,,
Andrew W. Mellon Foundation,Open,Relevant,,,Rolling Basis ,,"$150,000.00","$5,000,000.00","$2,575,000.00",,"They are currently taking applications on a rolling basis for ""Funding Inquiries for Mellon’s Humanities in Place Program Area""  ",POTENTIAL FUNDER, ,,Robine,1/20/2026,HIGH,"US, Globally",False,False,True,False,False,True,False,True,False,False,True,"CCA, Fellowship, YAC, Stories","We work with artists, curators, conservators, scholars, and organizations to ensure equitable access to excellent arts and cultural experiences and support approaches that place the arts and artists at the center of thriving, healthy communities
1. Arts & Culture
2. Higher learning
3.Humanities in place
4. public knowledge
5. presidential initiatives","- organizations in the United States that have been determined by the IRS to be section 501(c)(3) public charities, as well as organizations outside the United States that are equivalent to US public charities.                              -  Center for Puerto Rican Studies, Transforming Arts and Heritage Management and Education in West Africa, ARTS.BLACK, Coalition of Small Arts New York City",https://www.mellon.org/,https://www.mellon.org/resources,,,"They are currently taking applications on a rolling basis for ""Funding Inquiries for Mellon’s Humanities in Place Program Area""  (Robine 01/20/2026)

https://mellon.fluxx.io/apply/hip",Very Large,,Relevant - Open,,,,,,,,,,,,,,,,,,,,,,,,,,,,,,,,,,,,,,,,,,,,,,,,,,,,,,,,,,,,,,,,,,,,,,,,,96,,4,,,True,False,,
"Christopher Reynolds Foundation
",Rolling,Relevant,,,LOI (Rolling),,"$3,500.00","$90,000.00","$46,750.00",,LOI is rolling,POTENTIAL FUNDER,Lila Kelsey lkelsey@gmafoundations.com,Website,Sammy,5/12/2026,HIGH,,True,False,False,False,False,False,False,False,False,False,False,All,"The Foundation is currently supporting work relating to climate justice; climate resilience and adaptation; and ecosystem health and integrity in the face of unraveling  global systems.  This includes local and bioregional climate justice and ecosystem resilience efforts as well as relevant linkages, collaborations and networks at the regional and global levels–especially as they look to systems change in fellowship with the natural world.  Issues of equity and agroecology will be paramount.    "," 1. Care Lab - Three Dinners Program (25K)
2. Center for Democratic and Environmental Rights - General Support ($90K)
3. New World Foundation - Partners for Climate Action - General Support ($75K)",https://creynolds.org/for-grantseekers/,https://www.grantinterface.com/Home/Logon?urlkey=creynolds,"Sea Girt, NJ",,"We require a Letter of Inquiry. You may submit a Letter of Inquiry for review by following the instructions on the online application guide. There you will find instructions on registering your organization and how to submit. Once you submit a Letter of Inquiry, the foundation will notify you whether or not you have been approved to submit a full proposal.",Small,,Relevant - Rolling,,,,,,,,,,,,,,,,,,,,,,,,,,,,,,,,,,,,,,,,,,,,,,,,,,,,,,,,,,,,,,,,,,,,,,,,,80,,1,,,True,False,,
Commission for Environmental Cooperation,Unsure,Relevant,,,EJ4Climate app Expected Summer 2026,,,"$100,000.00","$100,000.00",,New cycle not yet open; expected Summer 2026.,"Applied 2024, APPLIED BUT NOT RECEIVED", ej4climate@cec.org,,Sammy,5/12/2026,HIGH,"Canada, Mexico, and the United States",False,False,False,True,False,False,False,False,False,False,False,UEHL,"North American Partnership for Environmental Community Action
NAPECA is a community grant program that engages with local and indigenous communities. Fostering collaborative efforts to address pressing North American environmental issues, while promoting sustainable development and fostering cross-border cooperation.


The EJ4Climate Grant Program provides funding directly to community-based organizations and seeks to support environmental justice by facilitating the involvement and empowerment of communities searching for solutions and the development of partnerships to address their environmental and human health vulnerabilities, including those due to climate change impacts.","Watershed Management Group
Texas Health and Environment Alliance
Green Columbus
Boston Food Forest Coalition
Americas for Conservation + the Arts
Environmental Youth Alliance",http://www.cec.org/grant-programs/ej4climate/,https://www.grantinterface.ca/Process/Apply?urlkey=cec,Montreal Canada,https://docs.google.com/document/d/1kf8VahLQzdweGvVt_AMuWCzf0pm1AYybIL68Z9Ky1OU/edit?tab=t.0,"NAPECA grant proposals were due 1 december 2025. Currently no call for proposals for the EJ4Climate grant. (Robine 01/20/2026)

It doesn't appear that the website has been updated with 2025/2026 grant options: ""At this moment, the CEC has no current call for proposals."" (Andrew 8/2025)

Applied, but did not receive funding (Ella 4/16/25)

As of now, new cycle is not yet open, check back in coming months as they are still in the review process (2024 decisions out in March 2025) (Ella)

We applied for funding in 2024 (Jolly 11/14/24)",Medium,,Relevant - Unsure,,,,,,,,,,,,,,,,,,,,,,,,,,,,,,,,,,,,,,,,,,,,,,,,,,,,,,,,,,,,,,,,,,,,,,,,,69,,1,,,True,False,,
Lever for Change - Enlight Foundation,Expected,Relevant,,,,,,"$1,000,000.00","$1,000,000.00",,"No current relevant open calls noted, but “Emerging Climate Champions Award” appears promising. Monitor.",POTENTIAL FUNDER,"Jenna Schornack
Managing Director, Awards and Social Impact jschornack@leverforchange.org",Application website,Sammy,5/12/26,HIGH,International,True,False,False,False,False,False,False,False,False,False,False,,"Education equality and youth empowerment. For this decade, the foundation is focused on three primary pillars: Youth mental wellbeing, youth-driven climate change solutions, and next-generation social change makers.","NACA Inspired School Network, Soccer without borders, People United for Sustainable Housing",https://leverforchange.org/open-calls/emerging-climate-champions-award/,https://climate.leverforchange.org/submit,,,"No current relevant open calls (Robine 01/22/26)

Looking to contact to invite them to NYC forum. Webinar next week (Andrew, 8/2025)

The Emerging Climate Champions Award seems very promising and aligned with HII! - Lea
",Very Large,,Relevant - Expected,,,,,,,,,,,,,,,,,,,,,,,,,,,,,,,,,,,,,,,,,,,,,,,,,,,,,,,,,,,,,,,,,,,,,,,,,72,,1,,,True,False,,
Lily Auchinloss Foundation,Open,Relevant,,04/15/2026,"Environmental/Preservation Grant deadline: 04/15/26 500 pm (applications open march 15- april 15

Arts deadline: 09/15/26 (applications open 08/15-09/15)

Human Services Grants deadline: 01/15/26 (applications open 12/15 - 01/15)",,"$10,000.00","$50,000.00","$30,000.00",,Environmental/Preservation Grant opens march 15 and might be a good opportunity for HII (Robine 01/22/26),APPLIED BUT NOT RECEIVED, ,,Robine,1/22/2026,HIGH,NYC,True,False,True,True,False,True,False,False,True,True,True,"All, CCA, UEHL, Fellowship, Workshops, Salons, Stories","Award grants to support programs that enhance the quality of life in New York City. Their funding priorities fall within three main categories:
1. Arts: Programs that support visual arts, performing arts, literary arts, and arts education.
2. Environment: Initiatives focused on environmental protection, conservation, and urban sustainability.
3. Human Services: Programs that address issues like homelessness, hunger, education, and healthcare access.","4Heads.org ($5,000)
A.I.R. Gallery ($10,000)
Bronx Documentary Center ($25,000)
Center for Arts Education ($15,000)",https://lilynyc.org/cycles-deadlines/,https://lilynyc.org/types-of-grants/,New York City,,"Environmental/Preservation Grant opens march 15 and might be a good opportunity for HII (Robine 01/22/26)

Art funding opportunities are only available to programs that support art/music access to audiences and artists, which disqualifies us. (Andrew 8/25)

Applied but did not receive (2025): ""After a review of the Spring 2025 Environmental proposals, the staff and board of Lily Auchincloss Foundation has determined that we are unable to provide you with funding at this time. The Foundation received many proposals and we are not able to support most of them because of our budget constraints."" (Jolly 5/15/25)

Cycles include Environmental Grants (opens March 15), Arts Grants (opens 8/15), Human Services Grant (Opens 12/15)


Rejected 12/15 - REAPPLY for 2016",Small,-29.0,Relevant - Open,,,,,,,,,,,,,,,,,,,,,,,,,,,,,,,,,,,,,,,,,,,,,,,,,,,,,,,,,,,,,,,,,,,,,,,,,98,72.0,7,2026-04-15,2026-04-15,False,False,,2026-04-15
Patagonia International,Expected,Relevant,,,,,"$5,000.00","$15,000.00","$10,000.00",,Not funding in the USA; possibly relevant only for HII Europe work. Patagonia EU funding is currently paused,POTENTIAL FUNDER, ,,Sammy,5/12/2026,HIGH,"Not USA (they fund in Argentina, Australia, Austria, Belgium, Chile, Czechia, Denmark, France, Germany, Ireland, Italy, Japan, Luxembourg, the Netherlands, Norway, South Korea, Spain, Sweden, Switzerland and the United Kingdom)",False,False,False,False,False,False,False,False,False,False,False,,"Supports grassroots activist organizations that have direct-action agendas and are working on strategic, multipronged campaigns to preserve and protect our environment.

Most interested in making these grants to organizations that identify and work on the root causes of problems and approach issues with a commitment to long-term change. We look for innovative groups with proposed projects that are quantifiable; that have specific goals, objectives and action plans, and that include measures for evaluating success.",,https://eu.patagonia.com/gb/en/how-we-fund/,,,,"They don't fund in the USA, but do fund US organizations that do work in the countries they do fund (so HII Europe might work). No current open grants. (Robine 01/22/26)",Small,,Relevant - Expected,,,,,,,,,,,,,,,,,,,,,,,,,,,,,,,,,,,,,,,,,,,,,,,,,,,,,,,,,,,,,,,,,,,,,,,,,68,,0,,,True,False,,
Rockefeller Brothers Fund,Expected,Relevant,,,Culpeper Arts & Culture Grants Program closed for year,,"$300,000.00","$1,300,000.00","$800,000.00",,arts/culture window closed for 2025; possible to reapply in 2026 but unsolicited success rate very low.,APPLIED BUT NOT RECEIVED, ,,Sammy,5/12/2026,HIGH,National,False,False,False,False,True,False,False,False,True,False,False,"General Support, Workshops","RBF focuses on advancing social change that contributes to a more just, sustainable, and peaceful world. Their current funding areas include:
1. Global Security (preventing nuclear war and mass violence)
2. New York City (strengthening the city's future)
3. Philanthropy & the Non-Profit Sector (making philanthropy more effective)
4. Next Generation Leaders (investing in promising young leaders)
","Hip-Hop Education Center - $200k for 24 months
Chashama, Inc - $200k for 24 months
Paul Taylor Dance Foundation - $75k for 12 months
Arthur Aviles Typical Theatre - $50k for 12 months",https://www.rbf.org/grants/for-grant-seekers,https://rbf.givingdata.com/portal/campaign/programapp?panelMode=signIn,,,"Latest grants closed in december 2025 (Robine 01/22/26) 

Arts & Culture window closed for 2025, possibly to reapply in 2026. Though open applications are accepted, less than 1% of unsolicited grants obtain funding (Andrew 8/2025)",Large,,Relevant - Expected,,,,,,,,,,,,,,,,,,,,,,,,,,,,,,,,,,,,,,,,,,,,,,,,,,,,,,,,,,,,,,,,,,,,,,,,,76,,2,,,True,False,,
NBC Universal Impact Grants,Expected,Relevant,,4/24/2026,Opens 3/10-3/17 and closes in mid april,,"$20,000.00","$40,000.00","$30,000.00",,"The applying organization’s total expenses must be between $100,000 and $1,000,000; revenue must be greater than $100,000; Grant award will be up to 30% of organisations total expenses",Applied 2025, ,,Sammy,5/12/2026,"HIGH, 2025 TO DO",National,True,False,False,False,False,False,False,False,False,False,False,All,"Comcast NBCUniversal, NBC and Telemundo owned television stations will fund organizations that are doing work in three specific areas: Youth Education and Empowerment, Next Generation Storytellers and Community Engagement. These grants are general operating grants, and your application will be reviewed based on your overall work and impact in your local community.",,https://www.localimpactgrants.com/,,New York,Link,,Small,-20.0,Relevant - Expected,,,,,,,,,,,,,,,,,,,,,,,,,,,,,,,,,,,,,,,,,,,,,,,,,,,,,,,,,,,,,,,,,,,,,,,,,62,29.0,1,2026-04-24,2026-04-24,False,False,,2026-04-24
Nathan Cummings Foundation,Rolling,Relevant,,,Currently accepting letters of inquiry,,"$50,000.00","$250,000.00","$150,000.00",,"Currently accapting LOI's 
Mainly focused on U.S. South
Aligned with ""Environmental Harms"" focus area","Not Applicable, POTENTIAL FUNDER, APPLIED BUT NOT RECEIVED, Applied 2025", ,,Sammy,5/12/2026,"LOI, 2026 TO DO",National,False,False,False,False,True,False,False,False,False,False,False,General Support,"Climate Change + Inequality Program;  email gadmin@nathancummings.org or (212) 787-730.
Over the last 34 years, NCF has awarded nearly half a billion dollars in funding to support movements, organizations, and individuals pursuing justice for people and the planet. We embrace a ‘totality of assets’ approach to impact, meaning we leverage the full power of the foundation’s financial and non-financial resources to support our partner’s solutions. Their funding focuses on racial, economic, and environmental justice projects.",,https://nathancummings.org/apply-for-funding/,https://nathancummings.my.site.com/grants/FGM_Portal__CommunitySignin?startURL=%2Fgrants%2FFGM_Portal__CommunityCampaign%3Fid%3D7011H000000ubS2,New York City,Link to LOI: https://docs.google.com/document/d/1bQm0aoiA56WpEV8l0lQwwHGDUqAMs6qJJtd6CoGP8qw/edit?tab=t.0,"Email for questions: gadmin@nathancummings.org

LOI portal does not reopen until October 2025 - Lea

We applied in 2025 and were rejected. ",Medium,,Relevant - Rolling,,,,,,,,,,,,,,,,,,,,,,,,,,,,,,,,,,,,,,,,,,,,,,,,,,,,,,,,,,,,,,,,,,,,,,,,,57,,1,,,True,False,,
"Geoffrey C Hughes Fdn, Inc",Rolling,Relevant,,,Rolling LOI,,"$10,000.00","$175,000.00","$92,500.00",,,POTENTIAL FUNDER, ,,Sammy,2/5/2026,LOW,,False,False,False,False,False,False,False,False,False,False,False,,Environment protection,,https://fconline.foundationcenter.org/fdo-grantmaker-profile?key=HUGH043,,,,Doesn't appear to exist WEBSITE CANNOT BE FOUND,Medium,,Relevant - Rolling,,,,,,,,,,,,,,,,,,,,,,,,,,,,,,,,,,,,,,,,,,,,,,,,,,,,,,,,,,,,,,,,,,,,,,,,,56,,0,,,True,False,,
 Artists Fund,Rolling,Relevant,,,rolling  application,,,"$50,000.00","$50,000.00",,,POTENTIAL FUNDER, ,,Sammy ,2/5/2026,MEDIUM,,False,False,False,False,False,False,False,False,False,False,False,,"Focuses on individual artists. The Artists Fund is a non profit organization that provides Hardship Grants and Enrichment Grants, to past and present Festival Arts exhibitors, as well as art shows and events for the public.",,https://theartistsfund-foa.org/,https://theartistsfund-foa.org/hardship-grant/,,,"l don't think this applies to us (Andrew 8/2025)

The Artists Fund Hardship program provides aid to past and present Festival of Arts (FOA) exhibition Artists whose primary income is generated from artwork and who live within the geographically defined areas for FOA participants",Medium,,Relevant - Rolling,,,,,,,,,,,,,,,,,,,,,,,,,,,,,,,,,,,,,,,,,,,,,,,,,,,,,,,,,,,,,,,,,,,,,,,,,66,,0,,,True,False,,
Barker Welfare Foundation,Open,Relevant,,08/01/2026,"Funding inquiries are accepted all year long, reviewed Feb 1 and Aug 1",,"$6,000.00","$50,000.00","$28,000.00",,,POTENTIAL FUNDER, ,,Sammy,2/5/2026,MEDIUM,"New York (5 Boroughs only), Michigan city, IN and Chicago, IL",False,False,False,False,False,True,True,True,True,True,True,"Fellowship, Internships, YAC, Workshops, Salons, Stories","Fund charitable organizations whose initiatives improve quality of life with emphasis on strengthening youth and families and to reflect the philosophy of Catherine B. Hickox, Founder.",Washington Park Bandstand restoration project,https://www.barkerwelfare.org/,https://www.barkerwelfare.org/funding-inquiry/,"Palm Beach Gardens, Florida",,"Check back around November/December (Andrew 8/2025) 

In advance of submitting a funding inquiry, a telephone call is suggested to determine if the organization seeking to apply falls within the current General Policy of the Foundation.",Small,79.0,Relevant - Open,,,,,,,,,,,,,,,,,,,,,,,,,,,,,,,,,,,,,,,,,,,,,,,,,,,,,,,,,,,,,,,,,,,,,,,,,79,78.0,6,2026-08-01,2026-08-01,False,False,,2026-08-01
Brooklyn ORG / Brooklyn Community Foundation,Open,Relevant,,05/15/2026,"Ongoing with 2 review cycles;
5/15/2026
9/30/2026",General Operating Support,,"$45,000.00","$45,000.00",,,Applied 2024, ,,Sammy,2/13/2026,MEDIUM,"Brooklyn, NYC",False,False,True,True,False,True,False,True,True,True,True,"CCA, UEHL, Fellowship, YAC, Workshops, Salons, Stories","Brooklyn Community Foundation supports initiatives that strengthen Brooklyn communities through local giving, grantmaking, and community service. Their focus areas include:
1. Arts & Culture
2. Education
3. Environment
4. Health
5. Human Services
6. Neighborhood Development
7. Social Justice","Access Justice Brooklyn, After Hours Project
Access Justice Brooklyn. https://brooklyn.org/grantees/; The Black Institute, Green City Force",https://brooklyn.org/,https://brooklyn.org/how-to-apply-for-bko-funding/,"Brooklyn, NYC",https://docs.google.com/document/d/1IE5DLuUPnB9yM_FPir5kZxRzVn10lrzYz4UyJXsAfgw/edit,"Too locally focused (Andrew 8/2025)

Posts grants as they become available, do not submit multiple grants each year (if you applied in another cycle), do not reapply if multi-year grant was requested within a 2 year period prior. After initial application is accepted, Brooklyn ORG team will review and request a full inquiry",Small,1.0,Relevant - Open,,,,,,,,,,,,,,,,,,,,,,,,,,,,,,,,,,,,,,,,,,,,,,,,,,,,,,,,,,,,,,,,,,,,,,,,,78,99.0,7,2026-05-15,2026-05-15,False,False,,2026-05-15
R. S. Clark Foundation,Expected,Relevant,,,Closed ,Unrestricted,"$15,000.00","$82,500.00","$48,750.00",,"Can submit a proposal from a different foundation as long as it is relevant (focused on NYC climate leadership work)

Can take a self assesment test to see if it aligns with out mission",POTENTIAL FUNDER, ,,Sammy,5/12/2026,MEDIUM,NYC,False,False,False,False,False,True,False,False,True,False,False,"Fellowship, Workshops",NYC based efforts that focuse on leadership development for equity (particularly race equity. They look for organizations that bring people together in a sustained way and can demonstrate a long-term commitment to leadership development and knowledge.,"Advocacy Institue, Alliance for Quality Education, Backspace Urbanist Collective, Community Resource Exchange",https://www.rsclark.org/grants,https://www.rsclark.org/grants#apply,NYC,,"Primary focus is on leadership development. ""The foundation does not fund staff development programs, youth leadership, service year or social enterprise programs."" (Andrew 8/2025)

We are pleased to accept proposals you've submitted to other funders. Please share a recent, complete proposal that represents you well and that reflects our interest.

The foundation's grants are unrestricted, general operating resources, though our focus and interest is on leadership and network development. On the backside, we will accept final reports you've submitted to other funders.",Small,,Relevant - Expected,,,,,,,,,,,,,,,,,,,,,,,,,,,,,,,,,,,,,,,,,,,,,,,,,,,,,,,,,,,,,,,,,,,,,,,,,61,,2,,,True,False,,
City Parks Foundation,Open,Relevant,,,2/20/2026,,"$100,000.00","$2,500,000.00","$1,300,000.00",,,POTENTIAL FUNDER, ,,Sammy,2/17/2026,MEDIUM,NYC,False,False,False,False,True,False,False,False,False,False,False,General Support,"NYC Green Fund Grassroots Grant funds organizations looking to activate a local park or open space. it provides funding support from $1000- $40,000 per year along with the option of 2 year funding fr returning grantes to better sustain projects long-term. ",,https://cityparksfoundation.org/nycgreenfund/,https://cityparksfoundation.org/grants-more/,New York,,"We do not qualify for their Grassroots Grant due to expenses in the latest calendar year being greater than $175K. (Jolly Patel 2/20/25)

For projects commencing after May 2025",Very Large,,Relevant - Open,,,,,,,,,,,,,,,,,,,,,,,,,,,,,,,,,,,,,,,,,,,,,,,,,,,,,,,,,,,,,,,,,,,,,,,,,64,,1,,,True,False,,
Climate Smart Communities Initiative,Open,Relevant,,"March 12, 2026",,Project-based,"$75,000.00","$115,000.00","$95,000.00",,Must have a 3-way partnership with local/regional government and a climate scientist,POTENTIAL FUNDER, ,,Sammy,2/13/2026,MEDIUM,USA,False,False,False,False,False,False,False,False,False,False,False,,"climate adaptation professionals to create or advance a climate resilience plan or project in collaboration with a community that is on the front lines of the climate crisis. The community should be represented in the application and effort by a community-based organization and a local, regional or Tribal government entity, as defined below.  ",,https://climatesmartcommunity.org/funding/,https://www.surveymonkey.com/r/community-sign-up ,,,"Check back in later in 2025 (Andrew 8/2025)

Cover any step in the Steps to Resilience: understand exposure, assess vulnerability and rist, investigate options, prioritize and plan, take action (Ella 2/2025)",Medium,-63.0,Relevant - Open,,,,,,,,,,,,,,,,,,,,,,,,,,,,,,,,,,,,,,,,,,,,,,,,,,,,,,,,,,,,,,,,,,,,,,,,,60,,0,,,True,False,,
Climate Story Fund,Expected,Relevant,,,expected to open late february -late march 2026,,"$50,000.00","$125,000.00","$87,500.00",,,POTENTIAL FUNDER, ,,Sammy,2/13/2026,MEDIUM,International,False,False,False,False,False,False,False,True,False,False,False,YAC,"The organization supports compelling independent media storytelling and impact strategies from around that world that can help audiences envision the just transition, and activate them to make these visions a reality. We believe investing in culture is a solution to address the climate emergency.","Climate Story Labs, Doc Society",https://climatestoryunit.org/apply/,,,,We passed applying in 2024 since YAC would have to apply independently of HII and they did not feel they could do it given the tight deadline. (Jolly 3.6.25),Medium,,Relevant - Expected,,,,,,,,,,,,,,,,,,,,,,,,,,,,,,,,,,,,,,,,,,,,,,,,,,,,,,,,,,,,,,,,,,,,,,,,,57,,1,,,True,False,,
Edward John Noble Foundation Inc.,Rolling,Relevant,,,,,"$10,000.00","$300,000.00","$155,000.00",,"LOI Includes: 
-Organizational Description: Nature and purpose of HII.
-Project Statement: A concise statement of the need, objectives, and methods for the project.
-Personnel: Qualifications of the key staff (e.g., Tara DePorte and lead artists).
-Budget: A clear program budget.
-Other Support: A list of other funders already committed or being sought.
-IRS Rulings: Your 501(c)(3) and 509(a) status letters.
-Financials: Your most recent annual audit or financial statement.
-Board List: A list of HII’s officers and directors.",POTENTIAL FUNDER, ,,Sammy,2/13/2026,MEDIUM,NYC,False,False,True,False,True,False,True,False,True,False,False,"CCA, General Support, Internships, Workshops",Educational programs. Management of training internships. Art Festivals,"Dorset Theatre Festival, American Museum of Natural History, St. Catherine's Island Foundation",https://fconline.foundationcenter.org/fdo-grantmaker-profile/?key=NOBL001,,,,"Can't find website, info from foundation/grant websites/Candid",Medium,,Relevant - Rolling,,,,,,,,,,,,,,,,,,,,,,,,,,,,,,,,,,,,,,,,,,,,,,,,,,,,,,,,,,,,,,,,,,,,,,,,,74,,4,,,True,False,,
Honda Foundation,Rolling,Relevant,,,,Project-based,"$25,000.00","$100,000.00","$62,500.00",,Not eligible for community event sponsorship because not one of the counties they serve,POTENTIAL FUNDER, ,,Sammy,2/13/2026,MEDIUM,United States,True,False,False,False,True,False,False,False,False,False,False,"All, General Support",nonprofits and schools that align with pillar award catagories which change every application cycle.,,https://csr.honda.com/longform-content/honda-usa-foundation-funding/,,USA,,"Need to check availability as Honda does not fund ""Institutions located outside the U.S. or those whose funds are used outside the U.S.""",Medium,,Relevant - Rolling,,,,,,,,,,,,,,,,,,,,,,,,,,,,,,,,,,,,,,,,,,,,,,,,,,,,,,,,,,,,,,,,,,,,,,,,,66,,2,,,True,False,,
John Templeton Foundation ,Expected,Relevant,,,"OFI from late spring 2026-mid-august 2026
Full proposal by invitation by Jan 2027",Project-based,"$15,000.00","$800,000.00","$407,500.00",,,POTENTIAL FUNDER,programofficer@templeton.org ,,Sammy,2/13/2026,MEDIUM,National/International,False,False,False,False,False,False,False,False,False,False,False,,"The Foundation offers grants in support of research and public engagement in our major Funding Areas. We invest in bold ideas from contrarian thinkers — ideas that cross disciplinary boundaries and challenge conventional assumptions. And we fund innovative programs that engage the public with these ideas, in an effort to open minds, deepen understanding, and inspire curiosity.","University of Pittsburgh $2,000,000
Pew Charitable Trusts $3,315,000
The Aspen Institute Inc $260,073
Brookings Institution $870,775
Mercatus Center, Inc $1, 498,441",https://www.templeton.org/grants ,https://www.templeton.org/grants/apply-for-grant ,"West Conshohocken, PA",,"Mainly funds research

No change in funding priorities (research)",Large,,Relevant - Expected,,,,,,,,,,,,,,,,,,,,,,,,,,,,,,,,,,,,,,,,,,,,,,,,,,,,,,,,,,,,,,,,,,,,,,,,,53,,0,,,True,False,,
Kornfeld Foundation,Rolling,Relevant,,,Ongoing,"Project-based, General Operating Support","$15,000.00","$75,000.00","$45,000.00",,,POTENTIAL FUNDER, ,,Sammy,3/17/2026,MEDIUM,NYC,False,False,False,False,True,False,False,False,False,False,False,General Support,"Changemaking organizations in New York City and beyond, expanding equity and action through arts education and civic engagement.","Arts Connection
Arts in Education Rountable
Brooklyn Museum
Girl Be Heard
Marquis Studios",www.kornfeldfdn.org,https://www.kornfeldfdn.org/apply,NYC,,"If you are a first-time applicant, please submit a short (2-3 pages) letter of introduction to office@kornfeldfdn.org
You may submit a proposal that you have used for any similar past request.",Small,,Relevant - Rolling,,,,,,,,,,,,,,,,,,,,,,,,,,,,,,,,,,,,,,,,,,,,,,,,,,,,,,,,,,,,,,,,,,,,,,,,,62,,1,,,True,False,,
National Geographic Foundation,Open,Relevant,,"April 15, 2026","Round 2 due Oct. 20, 2026",Project-based,"$20,000.00","$100,000.00","$60,000.00",,,APPLIED BUT NOT RECEIVED, ,,Sammy,3/17/2026,MEDIUM,International ,False,False,False,False,True,False,False,False,True,True,True,"General Support, Workshops, Salons, Stories","Currenty offering a Freshwater Storytelling grant:  Looking to support storytellers (through modes of photography, film, art, video, written word, mapmaking) who work to display the challenges facing communities and peoples who don't have access to freshwater",,https://www.nationalgeographic.org/society/grants-and-investments/?nav_click,https://www.nationalgeographic.org/society/grants-and-investments/rfp-freshwater/,,,"No current grants that fit our mission, but it appears that RFPs are frequent. Worth checking back more regularly (Andrew 8/2025)

There are both Level I and Level II grants available.
Level I Grants (Explorer Community) are designed for individuals who may be earlier in their career, but you cannot reapply once granted. 
You may submit a proposal as the project leader for only one project at a time and only through an online portal.",Medium,-29.0,Relevant - Open,,,,,,,,,,,,,,,,,,,,,,,,,,,,,,,,,,,,,,,,,,,,,,,,,,,,,,,,,,,,,,,,,,,,,,,,,76,,4,,,True,False,,
NYS DEC Grants- Hudson River Estuary,Expected,Relevant,,08/07/2026,Opens July 2026,,"$20,000.00","$100,000.00","$60,000.00",,Must be pre-qualified in SFS before app deadline,POTENTIAL FUNDER, ,,Sammy,3/17/2026,MEDIUM,"NYC,  Estuary Watershed Boundaries ",False,False,False,True,False,False,False,False,False,False,False,UEHL,Water quality. Enhance environment education and river access. Advance stewardship of habitat and natural resources.,,"https://dec.ny.gov/nature/waterbodies/oceans-estuaries/hudson-river-estuary-program/grants-funding-opportunities#:~:text=Since%201999%2C%20DEC's%20Hudson%20River,of%20habitat%20and%20natural%20resources.",https://grantsmanagement.ny.gov/,New York,,"Check back later in the year (Andrew 8/2025)

Must be registered in NYS Grants Management. Tara knows the Regional Director of DEC (circa 2013), Venetia Lannon.  Would be good to let her know of any DEC-related applications we are doing and for some mentoring, etc ",Medium,85.0,Relevant - Expected,,,,,,,,,,,,,,,,,,,,,,,,,,,,,,,,,,,,,,,,,,,,,,,,,,,,,,,,,,,,,,,,,,,,,,,,,47,41.0,1,2026-08-07,2026-08-07,False,False,,2026-08-07
NYSP2I (The New York State Pollution Prevention Institute),Expected,Relevant,,4/18/2026,expected to open in late spring 2026,Project-based,"$10,000.00","$20,000.00","$15,000.00",,,POTENTIAL FUNDER,"Corn Hill Waterfront and Navigation Foundation, Fall Kill Creek Project, Onondaga Country Recovery Agency ",,Sammy,3/17/2026,MEDIUM,NY,True,False,True,True,False,True,False,False,True,True,True,"All, CCA, UEHL, Fellowship, Workshops, Salons, Stories","Community Grants Program
NYSP2I awards funding to support projects that raise awareness and understanding and lead to the implementation of pollution prevention practices and/or behaviors at the local level with the goal of improving the health, environmental quality, and economic vitality of communities in New York State.",,https://www.rit.edu/affiliate/nysp2i/funding,,,,"""Please check back in early 2026 for information on our next application period."" (Andrew 8/2025)

Have logo. Received grant for 2015, applied again for 2016. (Ava 1/2025)",Small,-26.0,Relevant - Expected,,,,,,,,,,,,,,,,,,,,,,,,,,,,,,,,,,,,,,,,,,,,,,,,,,,,,,,,,,,,,,,,,,,,,,,,,71,57.0,7,2026-04-18,2026-04-18,False,False,,2026-04-18
Solutions Search Contest,Open,Relevant,,,Next round opens August/Sep 2026,"Unrestricted , General Operating Support","$5,000.00","$25,000.00","$15,000.00",,,POTENTIAL FUNDER, ,,Sammy,3/17/2026,LOW,Global ,False,False,True,True,False,True,False,False,False,True,False,"CCA, UEHL, Fellowship, Salons","The contests focus on solutions to the world's most pressing environmental issues. Past contests addressed topics like:
1. Sustainable fisheries
2. Climate change adaptation
3. Water pollution and behavior change","1. Farming for Biodiversity Contest Winners: A Growing Culture (Hanoi, Vietnam), People's Choice Award: Apis Agribusiness (https://solutionsearch.org/contests/farming-biodiversity)
2. Climate Change Needs Behavior Change Contest Winners: Grand Prize: 1 Million Women (https://solutionsearch.org/contests/climate-change-needs-behavior-change)",https://solutionsearch.org/solutions-already-exist,,,,Perhaps they've closed? (Andrew 8/2025),Small,,Relevant - Open,,,,,,,,,,,,,,,,,,,,,,,,,,,,,,,,,,,,,,,,,,,,,,,,,,,,,,,,,,,,,,,,,,,,,,,,,66,,4,,,True,False,,
Tiffany & Co. Foundation ,Open,Relevant,5/1/2026,8/1/2026,Cycle 2: LOI due 11/1/2026 and app due 2/14/2027,Project-based,"$25,000.00","$100,000.00","$62,500.00",,,POTENTIAL FUNDER, ,,Sammy,3/17/2026,MEDIUM,International,False,False,True,False,False,False,False,False,True,True,False,"CCA, Workshops, Salons","The Foundation is committed to ocean conservation including large scale marine protection, coastal conservation, coral restoration and blue carbon exploration. As impacts of climate change accelerate, we are strengthening our commitment to protecting the planet by leading with purpose, innovation and love. The Foundation has supported organizations around the world in the areas of Ocean Conservation, Responsible Mining, Urban Parks and the Decorative Arts. ",https://www.tiffanyandcofoundation.org/grants.html,https://www.tiffanyandcofoundation.org,https://www.tiffanyandcofoundation.org/how-to-apply.html,,,"Grants seem to go to large organizations (Andrew 8/2025) 

On the Board of Environmental Grantmakers Association. (Ava 2/2025)",Medium,-13.0,Relevant - Open,,,,,,,,,,,,,,,,,,,,,,,,,,,,,,,,,,,,,,,,,,,,,,,,,,,,,,,,,,,,,,,,,,,,,,,,,52,40.0,3,2026-05-01,2026-05-01,False,False,2026-05-01,2026-08-01
Kresge Foundation,Expected,Relevant,,,Look out for opening of Request for Proposal ,"Project-based, General Operating Support","$20,000.00","$900,000.00","$460,000.00",,,POTENTIAL FUNDER, ,,Sammy,3/17/2026,NO,"National (focus on Detroit, Memphis, New Orleans, and Fresno)",False,True,False,True,True,False,False,True,True,True,True,"C3 Lab, UEHL, General Support, YAC, Workshops, Salons, Stories","The Kresge Foundation prioritizes initiatives that contribute to a more equitable and prosperous future in cities. Their focus areas include:
1. Arts & Culture: Programs that enhance access to arts and culture for diverse communities.
2. Education: Initiatives that promote educational equity and success for all.
3. Environment: Projects that address climate change, promote sustainability, and advance racial and economic justice.
4. Health: Programs that improve access to quality healthcare and promote healthy communities.
5. Human Services: Initiatives that support basic needs, strengthen families, and create pathways to opportunity.
6. Community Development: Projects that revitalize neighborhoods, create affordable housing, and foster economic development.",,https://kresge.org/grants-social-investments/current-funding-opportunities/,https://kresge.org/grants-social-investments/how-to-apply/,,,"LOI first; Funding opportunities take three forms:

Open on an ongoing basis, without deadlines.
Open for a limited time, with specific deadlines.
By invitation from a Kresge program officer.­­­

http://kresge.org/opportunities

2014 Initiative on climate resiliency was a good potential match for HII, but the foundation is interested in full-time paid staff and a larger org. Doesn't fund environmental education",Large,,Relevant - Expected,,,,,,,,,,,,,,,,,,,,,,,,,,,,,,,,,,,,,,,,,,,,,,,,,,,,,,,,,,,,,,,,,,,,,,,,,76,,7,,,True,False,,
Draper Richards Kaplan Foundation,Rolling,Relevant,,,Rolling,Unrestricted,"$5,000.00","$300,000.00","$152,500.00",,No organisations that are similar to ours have been funded in the past but we fit their requirements very well,,,,Sammy,2/6/2026,,,,,,,,,,,,,,,Social and climate justice organisations helping underserved communities ,"Solar APP+ (help convert to solar)
Community Builders (on ground community infrastructure help)
Adventure scientists (environmental research)",https://www.drkfoundation.org,https://www.tfaforms.com/4887099,Global,,,Medium,,Relevant - Rolling,,,,,,,,,,,,,,,,,,,,,,,,,,,,,,,,,,,,,,,,,,,,,,,,,,,,,,,,,,,,,,,,,,,,,,,,,61,,0,,,True,False,,
Stanley 1913 Creators Fund,Expected,Relevant,,,Opens in August and deadline in September 2026,Unrestricted,,"$50,000.00","$50,000.00",,,,,,Sammy,2/6/2026,,Global,,,,,,,,,,,,All,"Orgs working at the intersection of humanity, sustainability, and possibility ","Start: empowerment (fund their environmental justice fellowship)
Tela Coral (research and coral restoration in Honduras)",https://www.stanley1913.com/pages/stanley-1913-creators-fund-2025,,,,,Medium,,Relevant - Expected,,,,,,,,,,,,,,,,,,,,,,,,,,,,,,,,,,,,,,,,,,,,,,,,,,,,,,,,,,,,,,,,,,,,,,,,,53,,0,,,True,False,,
Vilcek Foundation,Open,,,04/30/2026,need to get access through the portal to see what the grant is for and how to apply,,$500.00,"$100,000.00","$50,250.00",,,,,,Robine,2/23/2026,,USA,False,False,True,False,True,False,False,False,True,True,True,"CCA, General Support, Workshops, Salons, Stories","The Vilcek Foundation invites applications for grants to support nonprofit organizations that work with immigrant artists and communities, and that promote diversity in the arts, sciences, education, and humanities. A portion of the foundation’s grants are identified and initiated directly by the Vilcek Foundation. The Vilcek Foundation’s grants empower nonprofits to expand their reach, engage diverse audiences, and advance their missions. The foundation is committed to working with organizations that exemplify best practices in their field and demonstrate dedication to the communities they serve.","Asia Art Archive in America - $20k
Hawai'i Youth Symphony Association-$20k
New York Foundation for the Arts - $20K
NYU Institute of Fine Arts - $30K
",https://vilcek.org/grants/,https://portal.vilcek.org/grantportal/s/login/?ec=302&startURL=%2Fgrantportal%2Fs%2F%3F_gl%3D1*epgerc*_gcl_au*MTMwODY3NzE0Ni4xNzM3NzM0ODk3*_ga*MTY4Mjg0NTYzNy4xNzM3NzM0ODk3*_ga_PMRH1P23GE*MTczNzczNDg5Ny4xLjEuMTczNzczNTQyMC4wLjAuMA..*_ga_2V5DYM0WCN*MTczNzczNDg5Ny4xLjEuMTczNzczNTQyMC41OS4wLjE0Mzg2MzM5NA..,NYC,,"Grants accepted year-round. Open call cycle for grant applications extends until June 30, 2025. Applicants are notified of their status after June 30, 2025 ",Medium,-14.0,,,,,,,,,,,,,,,,,,,,,,,,,,,,,,,,,,,,,,,,,,,,,,,,,,,,,,,,,,,,,,,,,,,,,,,,,,50,35.0,5,2026-04-30,2026-04-30,False,False,,2026-04-30
EarthShot,Open,Relevant,,4/15/2026,,Project-based,,"$100,000.00","$100,000.00",,,,,,Sammy,4/14/2026,,Northeast USA,,,,,,,,,,,,,"""Award recipients must demonstrate bold vision and innovation in seeking to address a climate or conservation challenge along one of the five pillars of the Earthshot Prize: Protect and Restore Nature; Clean Our Air; Revive Our Oceans; Build a Waste-free World; and/or Fix Our Climate.""",,https://www.jfklibrary.org/events-and-awards/earthshot-innovation-challenge-northeast-us-edition/faq,https://my.reviewr.com/s2/site/earthshotinnovationchallenge26,,,,Medium,-29.0,Relevant - Open,,,,,,,,,,,,,,,,,,,,,,,,,,,,,,,,,,,,,,,,,,,,,,,,,,,,,,,,,,,,,,,,,,,,,,,,,45,20.0,0,2026-04-15,2026-04-15,False,False,,2026-04-15
Carmack Collective,Open,Relevant,,,,Trust-based funding,"$50,000.00","$50,000.00","$50,000.00",,,,,,,,,,,,,,,,,,,,,,,,,,,,,Medium,,Relevant - Open,,,,,,,,,,,,,,,,,,,,,,,,,,,,,,,,,,,,,,,,,,,,,,,,,,,,,,,,,,,,,,,,,,,,,,,,,80,,0,,,True,True,,
